name,price,link,category,brand
homo sapiens earth origins air fp le,61147,https://www.viscontiturkey.com/urun/homo-sapiems-earth-origins-air-fp-le,Fountain Pen,Visconti
mirage mythos zeus fp,11117,https://www.viscontiturkey.com/urun/mirage-mythos-zeus-fp,Fountain Pen,Visconti
mirage mythos aphrodite fp,11117,https://www.viscontiturkey.com/urun/mirage-mythos-aphrodite-fp,Fountain Pen,Visconti
mirage mythos apollo fp,11117,https://www.viscontiturkey.com/urun/mirage-mythos-apollo-fp,Fountain Pen,Visconti
eco-logic black fp,9450,https://www.viscontiturkey.com/urun/visconti-eco-logic-siyah-dolmakalem,Fountain Pen,Visconti
van gogh wheatfield with crows fp kit,16120,https://www.viscontiturkey.com/urun/v-gogh-wheatfield-with-crows-fp,Fountain Pen,Visconti
van gogh souvenir de mauve rb,13897,https://www.viscontiturkey.com/urun/v-gogh-souvenir-de-mauve-rb,Rollerball Pen,Visconti
mirage coral rb,8338,https://www.viscontiturkey.com/urun/mirage-coral-rb,Rollerball Pen,Visconti
michelangelo back to black bp,12229,https://www.viscontiturkey.com/urun/michelangelo-back-to-black-bp,Ballpoint Pen,Visconti
mirage emerald rb,8338,https://www.viscontiturkey.com/urun/mirage-emerald-rb,Rollerball Pen,Visconti
mirage horn fp,8894,https://www.viscontiturkey.com/urun/mirage-horn-fp,Fountain Pen,Visconti
mirage horn rb,8338,https://www.viscontiturkey.com/urun/mirage-horn-rb,Rollerball Pen,Visconti
mirage amber fp,8894,https://www.viscontiturkey.com/urun/mirage-amber-fp,Fountain Pen,Visconti
mirage amber rb,8338,https://www.viscontiturkey.com/urun/mirage-amber-rb,Rollerball Pen,Visconti
mirage night blue fp,8894,https://www.viscontiturkey.com/urun/mirage-night-blue-fp,Fountain Pen,Visconti
mirage night blue rb,8338,https://www.viscontiturkey.com/urun/mirage-night-blue-rb,Rollerball Pen,Visconti
van gogh red vineyard rb,13897,https://www.viscontiturkey.com/urun/van-gogh-vineyard-red-rb,Rollerball Pen,Visconti
van gogh red vineyard fp,15564,https://www.viscontiturkey.com/urun/van-gogh-vineyard-fp,Fountain Pen,Visconti
divina elegance black over rb,46138,https://www.viscontiturkey.com/urun/divina-elegance-black-over-rb,Rollerball Pen,Visconti
divina elegance royal brown medium fp,46138,https://www.viscontiturkey.com/urun/divina-elegance-royal-brown-medium-fp,Fountain Pen,Visconti
divina elegance imperial blue over fp,58368,https://www.viscontiturkey.com/urun/divina-elegance-imperial-blue-over-fp,Fountain Pen,Visconti
homo sapiens steel bp,18585,https://www.viscontiturkey.com/urun/homo-sapiens-steel-bp,Ballpoint Pen,Visconti
homo sapiens lava bronze over fp,46138,https://www.viscontiturkey.com/urun/homo-sapiens-lava-bronze-over-fp,Fountain Pen,Visconti
homo sapiens lava bronze bp,21123,https://www.viscontiturkey.com/urun/homo-sapiens-lava-bronze-bp,Ballpoint Pen,Visconti
homo sapiens lava bronze over rb,27794,https://www.viscontiturkey.com/urun/homo-sapiens-lava-bronze-over-rb,Rollerball Pen,Visconti
opera metal roadster rb,29462,https://www.viscontiturkey.com/urun/opera-metal-roadster-rb,Rollerball Pen,Visconti
venus pearled rose bp,10283,https://www.viscontiturkey.com/urun/venus-pearled-rose-bp,Ballpoint Pen,Visconti
venus pearled rose rb,13897,https://www.viscontiturkey.com/urun/venus-pearled-rose-rb,Rollerball Pen,Visconti
venus pearled white rb,13897,https://www.viscontiturkey.com/urun/venus-pearled-white-rb,Rollerball Pen,Visconti
venus pearled white fp,15286,https://www.viscontiturkey.com/urun/venus-pearled-white-fp,Fountain Pen,Visconti
van gogh starry night fp,15564,https://www.viscontiturkey.com/urun/van-gogh-starry-night-fp,Fountain Pen,Visconti
van gogh sunflowers rb,13897,https://www.viscontiturkey.com/urun/van-gogh-sunflowers-rb,Rollerball Pen,Visconti
van gogh portrait blue rb,13897,https://www.viscontiturkey.com/urun/van-gogh-portrait-blue-rb,Rollerball Pen,Visconti
van gogh portrait blue fp,15564,https://www.viscontiturkey.com/urun/van-gogh-portrait-blue-fp,Fountain Pen,Visconti
rembrandt orange rb,9450,https://www.viscontiturkey.com/urun/rembrandt-orange-rb,Rollerball Pen,Visconti
rembrandt red bp,8894,https://www.viscontiturkey.com/urun/rembrandt-red-bp,Ballpoint Pen,Visconti
rembrandt red rb,9450,https://www.viscontiturkey.com/urun/rembrandt-red-rb,Rollerball Pen,Visconti
rembrandt red fp,10005,https://www.viscontiturkey.com/urun/rembrandt-red-fp,Fountain Pen,Visconti
rembrandt blue rb,9450,https://www.viscontiturkey.com/urun/rembrandt-blue-rb,Rollerball Pen,Visconti
rembrandt blue fp,10005,https://www.viscontiturkey.com/urun/rembrandt-blue-fp,Fountain Pen,Visconti
rembrandt black bp,8894,https://www.viscontiturkey.com/urun/rembrandt-black-bp-re,Ballpoint Pen,Visconti
rembrandt black rb,9450,https://www.viscontiturkey.com/urun/rembrandt-black-rb-re,Rollerball Pen,Visconti
rembrandt black fp,10005,https://www.viscontiturkey.com/urun/rembrandt-black-fp-re,Fountain Pen,Visconti
s. dali blue silver fp le ve,263490,https://www.viscontiturkey.com/urun/s-dali-blue-silver-fp-le-ve,Fountain Pen,Visconti
twelve tribes silver fp le ve,196228,https://www.viscontiturkey.com/urun/twelve-tribes-silver-fp-le-ve,Fountain Pen,Visconti
turkish pen fp se,16398,https://www.viscontiturkey.com/urun/turkish-pen-fp,Fountain Pen,Visconti
homo sapiens earth origins fire fp le,66706,https://www.viscontiturkey.com/urun/homo-sapiens-earth-origins-fire-fp-le,Fountain Pen,Visconti
van gogh souvenir de mauve bp,12785,https://www.viscontiturkey.com/urun/van-gogh-souvenir-de-mauve-bp,Ballpoint Pen,Visconti
van gogh old vineyard with peasant woman fp kit,16120,https://www.viscontiturkey.com/urun/v-gogh-old-vineyard-fp-set,Fountain Pen,Visconti
homo sapiens crystal dream fp,58368,https://www.viscontiturkey.com/urun/homo-sapiens-crystal-dream-fp,Fountain Pen,Visconti
van gogh wheatfield under thunderclouds bp,12785,https://www.viscontiturkey.com/urun/v-gogh-wheatfield-bp,Ballpoint Pen,Visconti
mirage emerald bp,7782,https://www.viscontiturkey.com/urun/mirage-emerald-bp,Ballpoint Pen,Visconti
mirage coral bp,7782,https://www.viscontiturkey.com/urun/mirage-coral-bp,Ballpoint Pen,Visconti
mirage horn bp,7782,https://www.viscontiturkey.com/urun/mirage-horn-bp,Ballpoint Pen,Visconti
medici golden blue fp,50585,https://www.viscontiturkey.com/urun/medici-golden-blue-fp,Fountain Pen,Visconti
medici rose gold fp,50585,https://www.viscontiturkey.com/urun/medici-rose-gold-fp,Fountain Pen,Visconti
van gogh wheatfield under thunderclouds rb,13897,https://www.viscontiturkey.com/urun/v-gogh-wheatfield-rb,Rollerball Pen,Visconti
mirage amber bp,7782,https://www.viscontiturkey.com/urun/mirage-amber-bp,Ballpoint Pen,Visconti
mirage night blue bp,7782,https://www.viscontiturkey.com/urun/mirage-night-blue-bp,Ballpoint Pen,Visconti
mirage coral fp,8894,https://www.viscontiturkey.com/urun/mirage-coral-fp,Fountain Pen,Visconti
homo sapiens lava dark age over fp,48362,https://www.viscontiturkey.com/urun/homo-sapiens-dark-age-over-fp,Fountain Pen,Visconti
van gogh souvenir de mauve fp,15564,https://www.viscontiturkey.com/urun/v-gogh-souvenir-de-mauve-fp,Fountain Pen,Visconti
van gogh wheatfield under thunderclouds fp,15564,https://www.viscontiturkey.com/urun/v-gogh-wheatfield-thunderclouds-fp,Fountain Pen,Visconti
mirage emerald fp,8894,https://www.viscontiturkey.com/urun/mirage-emerald-fp,Fountain Pen,Visconti
rembrandt white fp,10005,https://www.viscontiturkey.com/urun/rembrandt-white-fp,Fountain Pen,Visconti
divina elegance royal brown bp,30573,https://www.viscontiturkey.com/urun/divina-elegance-royal-brown-bp,Ballpoint Pen,Visconti
divina elegance royal brown over rb,40023,https://www.viscontiturkey.com/urun/divina-elegance-royal-brown-over-rb,Rollerball Pen,Visconti
divina elegance imperial blue bp,30573,https://www.viscontiturkey.com/urun/divina-elegance-imperial-blue-bp,Ballpoint Pen,Visconti
divina elegance imperial blue over rb,46138,https://www.viscontiturkey.com/urun/divina-elegance-imperial-blue-over-rb,Rollerball Pen,Visconti
homo sapiens lava dark age bp,22791,https://www.viscontiturkey.com/urun/homo-sapiens-lava-dark-age-bp,Ballpoint Pen,Visconti
homo sapiens lava dark age over rb,29462,https://www.viscontiturkey.com/urun/homo-sapiens-lava-dark-age-over-rb,Rollerball Pen,Visconti
homo sapiens steel rb,25570,https://www.viscontiturkey.com/urun/homo-sapiens-steel-rb,Rollerball Pen,Visconti
opera metal true black rb,29462,https://www.viscontiturkey.com/urun/opera-metal-true-black-rb,Rollerball Pen,Visconti
opera metal true black fp,32241,https://www.viscontiturkey.com/urun/opera-metal-true-black-fp,Fountain Pen,Visconti
opera metal silver shadow fp,31129,https://www.viscontiturkey.com/urun/opera-metal-silver-shadow-fp,Fountain Pen,Visconti
venus pearled rose fp,15286,https://www.viscontiturkey.com/urun/venus-pearled-rose-fp,Fountain Pen,Visconti
michelangelo navy blue fp,15286,https://www.viscontiturkey.com/urun/michelangelo-navy-blue-fp,Fountain Pen,Visconti
van gogh starry night bp,12785,https://www.viscontiturkey.com/urun/van-gogh-starry-night-bp,Ballpoint Pen,Visconti
van gogh starry night rb,13897,https://www.viscontiturkey.com/urun/van-gogh-starry-night-rb,Rollerball Pen,Visconti
van gogh sunflowers bp,12785,https://www.viscontiturkey.com/urun/van-gogh-sunflowers-bp,Ballpoint Pen,Visconti
van gogh portrait blue bp,12785,https://www.viscontiturkey.com/urun/van-gogh-portrait-blue-bp,Ballpoint Pen,Visconti
rembrandt orange fp,10005,https://www.viscontiturkey.com/urun/rembrandt-orange-fp,Fountain Pen,Visconti
rembrandt white rb,9450,https://www.viscontiturkey.com/urun/rembrandt-white-rb,Rollerball Pen,Visconti
rembrandt blue bp,8894,https://www.viscontiturkey.com/urun/rembrandt-blue-bp,Ballpoint Pen,Visconti
medina rose gold fp hrh,2831693,https://www.viscontiturkey.com/urun/medina-rose-gold-fp-hrh,Fountain Pen,Visconti
mecca rose gold fp - hrh,2831693,https://www.viscontiturkey.com/urun/mecca-rose-gold-fp-hrh,Fountain Pen,Visconti
istos aracnis fp ve,80603,https://www.viscontiturkey.com/urun/istos-aracnis-fp-ve,Fountain Pen,Visconti
turkish pen rb se,15842,https://www.viscontiturkey.com/urun/turkish-pen-rb-se,Rollerball Pen,Visconti
